Username;Year;Month;Date;Hour;Minute;Second;Status
admin;2021;4;1;7;5;0;Failed
admin;2021;4;1;7;5;0;Failed
admin;2021;4;1;7;5;0;Failed
admin;2021;4;1;7;5;0;Failed
admin;2021;4;1;7;5;0;Success
admin;2021;4;2;7;7;7;Success
admin;2021;4;2;14;13;12;Success
admin;2021;4;4;7;4;10;Failed
admin;2021;4;4;7;4;30;Failed
admin;2021;4;4;7;4;48;Success
admin;2021;4;7;7;6;12;Success
admin;2021;4;7;7;3;14;Success
admin;2021;4;8;9;1;54;Success
admin;2021;4;8;12;7;36;Success
admin;2021;4;8;15;15;45;Success
N;2021;4;8;15;28;13;Success
admin;2021;4;10;7;2;12;Success
admin;2021;4;10;14;4;43;Success
N;2021;4;10;15;13;57;Failed
N;2021;4;10;15;14;13;Success
N;2021;4;17;1;12;31;Success
admin;2021;4;18;1;5;55;Success
admin;2021;4;23;1;3;4;Success
admin;2021;4;23;3;4;1;Success
admin;2021;4;23;7;2;35;Success
admin;2021;4;23;8;43;23;Success
N;2021;4;23;7;52;12;Failed
N;2021;4;23;7;52;31;Failed
N;2021;4;23;7;52;58;Failed
admin;2021;4;23;8;3;5;Success
N;2021;4;23;8;6;45;Success
